{"cameraMode":{"drawMode":0,"name":"Shaded","section":"Shading Mode"},"sceneLighting":false,"audioPlay":false,"sceneViewState":{"showFog":true,"showMaterialUpdate":false,"showSkybox":false,"showFlares":true,"showImageEffects":true,"showParticleSystems":true},"in2DMode":false,"pivot":{"x":0.0007654428482055664,"y":-0.20601886510849,"z":0.031826529651880267},"rotation":{"x":-0.036471184343099597,"y":0.9625192880630493,"z":-0.16621403396129609,"w":-0.21119892597198487},"size":1.1782875061035157,"orthographic":false}