{"cameraMode":{"drawMode":0,"name":"Shaded","section":"Shading Mode"},"sceneLighting":true,"audioPlay":false,"sceneViewState":{"showFog":true,"showMaterialUpdate":false,"showSkybox":true,"showFlares":true,"showImageEffects":true,"showParticleSystems":true},"in2DMode":false,"pivot":{"x":4.165287017822266,"y":-0.8180971145629883,"z":0.5149941444396973},"rotation":{"x":-0.17329545319080354,"y":0.601767897605896,"z":-0.13583000004291535,"w":-0.7677376866340637},"size":15.709564208984375,"orthographic":false}