{"cameraMode":{"drawMode":0,"name":"Shaded","section":"Shading Mode"},"sceneLighting":false,"audioPlay":false,"sceneViewState":{"showFog":true,"showMaterialUpdate":false,"showSkybox":false,"showFlares":true,"showImageEffects":true,"showParticleSystems":true},"in2DMode":false,"pivot":{"x":0.0007655024528503418,"y":-0.20601886510849,"z":0.03182652220129967},"rotation":{"x":-0.036471184343099597,"y":0.9625192880630493,"z":-0.16621403396129609,"w":-0.21119892597198487},"size":1.1782876253128052,"orthographic":false}