{"cameraMode":{"drawMode":0,"name":"Shaded","section":"Shading Mode"},"sceneLighting":false,"audioPlay":false,"sceneViewState":{"showFog":true,"showMaterialUpdate":false,"showSkybox":false,"showFlares":true,"showImageEffects":true,"showParticleSystems":true},"in2DMode":false,"pivot":{"x":0.0007654428482055664,"y":-0.20601886510849,"z":0.031826529651880267},"rotation":{"x":0.020198095589876176,"y":-0.9706242680549622,"z":0.22306981682777406,"w":0.08788260817527771},"size":10.910189628601075,"orthographic":false}