{"cameraMode":{"drawMode":0,"name":"Shaded","section":"Shading Mode"},"sceneLighting":false,"audioPlay":false,"sceneViewState":{"showFog":true,"showMaterialUpdate":false,"showSkybox":false,"showFlares":true,"showImageEffects":true,"showParticleSystems":true},"in2DMode":false,"pivot":{"x":-1.5,"y":1.1820989582764859e-15,"z":-1.5000011920928956},"rotation":{"x":-0.21846719086170197,"y":0.700872004032135,"z":-0.24124124646186829,"w":-0.6347072720527649},"size":7.000357151031494,"orthographic":false}