{"cameraMode":{"drawMode":0,"name":"Shaded","section":"Shading Mode"},"sceneLighting":false,"audioPlay":false,"sceneViewState":{"showFog":true,"showMaterialUpdate":false,"showSkybox":false,"showFlares":true,"showImageEffects":true,"showParticleSystems":true},"in2DMode":false,"pivot":{"x":0.0007654428482055664,"y":-0.20601886510849,"z":0.031826529651880267},"rotation":{"x":-0.09736645221710205,"y":0.8932091593742371,"z":-0.23426847159862519,"w":-0.37123528122901919},"size":1.1782875061035157,"orthographic":false}