{"cameraMode":{"drawMode":0,"name":"Shaded","section":"Shading Mode"},"sceneLighting":true,"audioPlay":false,"sceneViewState":{"showFog":true,"showMaterialUpdate":false,"showSkybox":true,"showFlares":true,"showImageEffects":true,"showParticleSystems":true},"in2DMode":false,"pivot":{"x":-111.885986328125,"y":-29.902551651000978,"z":-16.117820739746095},"rotation":{"x":-0.19750608503818513,"y":0.5331679582595825,"z":-0.1296280324459076,"w":-0.8123587965965271},"size":161.20738220214845,"orthographic":false}