{"cameraMode":{"drawMode":0,"name":"Shaded","section":"Shading Mode"},"sceneLighting":false,"audioPlay":false,"sceneViewState":{"showFog":true,"showMaterialUpdate":false,"showSkybox":false,"showFlares":true,"showImageEffects":true,"showParticleSystems":true},"in2DMode":false,"pivot":{"x":-0.000004887580871582031,"y":0.45954981446266177,"z":-2.980232238769531e-7},"rotation":{"x":-0.21846719086170197,"y":0.700872004032135,"z":-0.24124124646186829,"w":-0.6347072720527649},"size":3.7653603553771974,"orthographic":false}