{"cameraMode":{"drawMode":0,"name":"Shaded","section":"Shading Mode"},"sceneLighting":false,"audioPlay":false,"sceneViewState":{"showFog":true,"showMaterialUpdate":false,"showSkybox":false,"showFlares":true,"showImageEffects":true,"showParticleSystems":true},"in2DMode":false,"pivot":{"x":0.11164157092571259,"y":0.43245017528533938,"z":-0.02046903222799301},"rotation":{"x":-0.21846719086170197,"y":0.700872004032135,"z":-0.24124124646186829,"w":-0.6347072720527649},"size":22.0,"orthographic":false}