{"cameraMode":{"drawMode":0,"name":"Shaded","section":"Shading Mode"},"sceneLighting":false,"audioPlay":false,"sceneViewState":{"showFog":true,"showMaterialUpdate":false,"showSkybox":false,"showFlares":true,"showImageEffects":true,"showParticleSystems":true},"in2DMode":false,"pivot":{"x":-4.715405464172363,"y":-0.059632301330566409,"z":7.621879577636719},"rotation":{"x":0.006710478570312262,"y":-0.9756560325622559,"z":0.2171510010957718,"w":0.030154433101415635},"size":34.75840759277344,"orthographic":false}