{"cameraMode":{"drawMode":0,"name":"Shaded","section":"Shading Mode"},"sceneLighting":false,"audioPlay":false,"sceneViewState":{"showFog":true,"showMaterialUpdate":false,"showSkybox":false,"showFlares":true,"showImageEffects":true,"showParticleSystems":true},"in2DMode":false,"pivot":{"x":0.0007654428482055664,"y":-0.20601886510849,"z":0.031826529651880267},"rotation":{"x":-0.025658411905169488,"y":0.9662278890609741,"z":-0.2333817332983017,"w":-0.10622671991586685},"size":1.1782875061035157,"orthographic":false}